Classname,Name
arifle_AK12_F,AK-12 7.62 mm
arifle_AK12_GL_F,AK-12 GL 7.62 mm
arifle_AKM_F,AKM 7.62 mm
arifle_AKM_FL_F,AKM 7.62 mm
arifle_AKS_F,AKS-74U 5.45 mm
arifle_ARX_blk_F,Type 115 6.5 mm (Black)
arifle_ARX_ghex_F,Type 115 6.5 mm (Green Hex)
arifle_ARX_hex_F,Type 115 6.5 mm (Hex)
arifle_CTAR_blk_F,CAR-95 5.8 mm (Black)
arifle_CTAR_ghex_F,CAR-95 5.8 mm (Green Hex)
arifle_CTAR_GL_blk_F,CAR-95 GL 5.8 mm (Black)
arifle_CTAR_GL_ghex_F,CAR-95 GL 5.8 mm (Green Hex)
arifle_CTAR_GL_hex_F,CAR-95 GL 5.8 mm (Hex)
arifle_CTAR_hex_F,CAR-95 5.8 mm (Hex)
arifle_CTARS_blk_F,CAR-95-1 5.8mm (Black)
arifle_CTARS_ghex_F,CAR-95-1 5.8mm (Green Hex)
arifle_CTARS_hex_F,CAR-95-1 5.8mm (Hex)
arifle_Katiba_C_F,Katiba Carbine 6.5 mm
arifle_Katiba_F,Katiba 6.5 mm
arifle_Katiba_GL_F,Katiba GL 6.5 mm
arifle_Mk20_F,Mk20 5.56 mm (Camo)
arifle_Mk20_GL_F,Mk20 EGLM 5.56 mm (Camo)
arifle_Mk20_GL_plain_F,Mk20 EGLM 5.56 mm
arifle_Mk20_plain_F,Mk20 5.56 mm
arifle_Mk20C_F,Mk20C 5.56 mm (Camo)
arifle_Mk20C_plain_F,Mk20C 5.56 mm
arifle_MX_Black_F,MX 6.5 mm (Black)
arifle_MX_F,MX 6.5 mm
arifle_MX_GL_Black_F,MX 3GL 6.5 mm (Black)
arifle_MX_GL_F,MX 3GL 6.5 mm
arifle_MX_GL_khk_F,MX 3GL 6.5 mm (Khaki)
arifle_MX_khk_F,MX 6.5 mm (Khaki)
arifle_MX_SW_Black_F,MX SW 6.5 mm (Black)
arifle_MX_SW_F,MX SW 6.5 mm
arifle_MX_SW_khk_F,MX SW 6.5 mm (Khaki)
arifle_MXC_Black_F,MXC 6.5 mm (Black)
arifle_MXC_F,MXC 6.5 mm
arifle_MXC_khk_F,MXC 6.5 mm (Khaki)
arifle_MXM_Black_F,MXM 6.5 mm (Black)
arifle_MXM_F,MXM 6.5 mm
arifle_MXM_khk_F,MXM 6.5 mm (Khaki)
arifle_SDAR_F,SDAR 5.56 mm
arifle_SPAR_01_blk_F,SPAR-16 5.56 mm (Black)
arifle_SPAR_01_GL_blk_F,SPAR-16 GL 5.56 mm (Black)
arifle_SPAR_01_GL_khk_F,SPAR-16 GL 5.56 mm (Khaki)
arifle_SPAR_01_GL_snd_F,SPAR-16 GL 5.56 mm (Sand)
arifle_SPAR_01_khk_F,SPAR-16 5.56 mm (Khaki)
arifle_SPAR_01_snd_F,SPAR-16 5.56 mm (Sand)
arifle_SPAR_02_blk_F,SPAR-16S 5.56 mm (Black)
arifle_SPAR_02_khk_F,SPAR-16S 5.56 mm (Khaki)
arifle_SPAR_02_snd_F,SPAR-16S 5.56 mm (Sand)
arifle_SPAR_03_blk_F,SPAR-17 7.62 mm (Black)
arifle_SPAR_03_khk_F,SPAR-17 7.62 mm (Khaki)
arifle_SPAR_03_snd_F,SPAR-17 7.62 mm (Sand)
arifle_TRG20_F,TRG-20 5.56 mm
arifle_TRG21_F,TRG-21 5.56 mm
arifle_TRG21_GL_F,TRG-21 EGLM 5.56 mm
hgun_ACPC2_F,ACP-C2 .45 ACP
hgun_P07_F,P07 9 mm
hgun_P07_khk_F,P07 9 mm (Khaki)
hgun_PDW2000_F,PDW2000 9 mm
hgun_Pistol_01_F,PM 9 mm
hgun_Pistol_heavy_01_F,4-five .45 ACP
hgun_Pistol_heavy_02_F,Zubr .45 ACP
hgun_Pistol_Signal_F,Starter Pistol
hgun_Rook40_F,Rook-40 9 mm
launch_B_Titan_F,Titan MPRL (Sand)
launch_B_Titan_short_F,Titan MPRL Compact (Sand)
launch_B_Titan_short_tna_F,Titan MPRL Compact (Tropic)
launch_B_Titan_tna_F,Titan MPRL (Tropic)
launch_I_Titan_F,Titan MPRL (Digital)
launch_I_Titan_short_F,Titan MPRL Compact (Olive)
launch_NLAW_F,PCML
launch_O_Titan_F,Titan MPRL (Hex)
launch_O_Titan_ghex_F,Titan MPRL (Green Hex)
launch_O_Titan_short_F,Titan MPRL Compact (Coyote)
launch_O_Titan_short_ghex_F,Titan MPRL Compact (Green Hex)
launch_RPG32_F,RPG-42 Alamut
launch_RPG32_ghex_F,RPG-42 Alamut (Green Hex)
launch_RPG7_F,RPG-7
launch_Titan_F,Titan MPRL
launch_Titan_short_F,Titan MPRL Compact
LMG_03_F,LIM-85 5.56 mm
LMG_Mk200_BI_F,Mk200 6.5 mm
LMG_Mk200_F,Mk200 6.5 mm
LMG_Zafir_F,Zafir 7.62 mm
MMG_01_hex_F,Navid 9.3 mm (Hex)
MMG_01_tan_F,Navid 9.3 mm (Tan)
MMG_02_black_F,SPMG .338 (Black)
MMG_02_camo_F,SPMG .338 (MTP)
MMG_02_sand_F,SPMG .338 (Sand)
SMG_01_F,Vermin SMG .45 ACP
SMG_02_F,Sting 9 mm
SMG_05_F,Protector 9 mm
srifle_DMR_01_F,Rahim 7.62 mm
srifle_DMR_02_camo_F,MAR-10 .338 (Camo)
srifle_DMR_02_F,MAR-10 .338 (Black)
srifle_DMR_02_sniper_F,MAR-10 .338 (Sand)
srifle_DMR_03_F,Mk-I EMR 7.62 mm (Black)
srifle_DMR_03_khaki_F,Mk-I EMR 7.62 mm (Khaki)
srifle_DMR_03_multicam_F,Mk-I EMR 7.62 mm (Camo)
srifle_DMR_03_tan_F,Mk-I EMR 7.62 mm (Sand)
srifle_DMR_03_woodland_F,Mk-I EMR 7.62 mm (Woodland)
srifle_DMR_04_F,ASP-1 Kir 12.7 mm (Black)
srifle_DMR_04_Tan_F,ASP-1 Kir 12.7 mm (Tan)
srifle_DMR_05_blk_F,Cyrus 9.3 mm (Black)
srifle_DMR_05_hex_F,Cyrus 9.3 mm (Hex)
srifle_DMR_05_tan_f,Cyrus 9.3 mm (Tan)
srifle_DMR_06_camo_F,Mk14 7.62 mm (Camo)
srifle_DMR_06_olive_F,Mk14 7.62 mm (Olive)
srifle_DMR_07_blk_F,CMR-76 6.5 mm (Black)
srifle_DMR_07_ghex_F,CMR-76 6.5 mm (Green Hex)
srifle_DMR_07_hex_F,CMR-76 6.5 mm (Hex)
srifle_EBR_F,Mk18 ABR 7.62 mm
srifle_GM6_camo_F,GM6 Lynx 12.7 mm (Camo)
srifle_GM6_F,GM6 Lynx 12.7 mm
srifle_GM6_ghex_F,GM6 Lynx 12.7 mm (Green Hex)
srifle_LRR_camo_F,M320 LRR .408 (Camo)
srifle_LRR_F,M320 LRR .408
srifle_LRR_tna_F,M320 LRR .408 (Tropic)
B_338_Ball,.338 LM 10Rnd Mag
B_338_NM_Ball,.338 NM 130Rnd Belt
B_408_Ball,.408 7Rnd LRR Mag
B_45ACP_Ball,.45 ACP 11Rnd Mag
B_45ACP_Ball,.45 ACP 30Rnd Vermin Mag
B_45ACP_Ball_Green,.45 ACP 30Rnd Vermin Tracers (Green) Mag
B_45ACP_Ball,.45 ACP 30Rnd Vermin Tracers (Red) Mag
B_45ACP_Ball_Yellow,.45 ACP 30Rnd Vermin Tracers (Yellow) Mag
B_45ACP_Ball,.45 ACP 6Rnd Cylinder
B_45ACP_Ball_Green,.45 ACP 9Rnd Mag
B_50BW_Ball_F,.50 BW 10Rnd Caseless Mag
B_127x108_Ball,12.7 mm 5Rnd Mag
B_127x54_Ball,12.7mm 10Rnd Mag
B_127x108_APDS,12.7mm 5Rnd APDS Mag
F_40mm_Green,3Rnd 3GL Flares (Green)
F_40mm_CIR,3Rnd 3GL Flares (IR)
F_40mm_Red,3Rnd 3GL Flares (Red)
F_40mm_White,3Rnd 3GL Flares (White)
F_40mm_Yellow,3Rnd 3GL Flares (Yellow)
G_40mm_SmokeBlue,3Rnd 3GL Smoke Rounds (Blue)
G_40mm_SmokeGreen,3Rnd 3GL Smoke Rounds (Green)
G_40mm_SmokeOrange,3Rnd 3GL Smoke Rounds (Orange)
G_40mm_SmokePurple,3Rnd 3GL Smoke Rounds (Purple)
G_40mm_SmokeRed,3Rnd 3GL Smoke Rounds (Red)
G_40mm_Smoke,3Rnd 3GL Smoke Rounds (White)
G_40mm_SmokeYellow,3Rnd 3GL Smoke Rounds (Yellow)
G_40mm_HE,40 mm 3Rnd HE Grenade
G_40mm_HE,40 mm HE Grenade Round
B_545x39_Ball_Green_F,5.45 mm 30Rnd Reload Tracer (Green) Mag
B_545x39_Ball_F,5.45 mm 30Rnd Reload Tracer (Yellow) Mag
B_545x39_Ball_Green_F,5.45 mm 30Rnd Tracer (Green) Mag
B_545x39_Ball_F,5.45 mm 30Rnd Tracer (Yellow) Mag
B_556x45_Ball_Tracer_Red,5.56 mm 150Rnd Mag
B_556x45_Ball_Tracer_Red,5.56 mm 150Rnd Tracer (Red) Mag
B_556x45_Ball_Tracer_Red,5.56 mm 200Rnd Reload Tracer (Red) Box
B_556x45_Ball_Tracer_Yellow,5.56 mm 200Rnd Reload Tracer (Yellow) Box
B_556x45_Ball_Tracer_Red,5.56 mm 200Rnd Tracer (Red) Box
B_556x45_Ball_Tracer_Yellow,5.56 mm 200Rnd Tracer (Yellow) Box
B_556x45_dual,5.56 mm 20Rnd Dual Purpose Mag
B_556x45_Ball_Tracer_Green,5.56 mm 30rnd STANAG Reload Tracer (Green) Mag
B_556x45_Ball_Tracer_Red,5.56 mm 30rnd STANAG Reload Tracer (Red) Mag
B_556x45_Ball,5.56 mm 30rnd STANAG Reload Tracer (Yellow) Mag
B_556x45_Ball_Tracer_Green,5.56 mm 30rnd Tracer (Green) Mag
B_556x45_Ball_Tracer_Red,5.56 mm 30rnd Tracer (Red) Mag
B_556x45_Ball_Tracer_Yellow,5.56 mm 30rnd Tracer (Yellow) Mag
B_580x42_Ball_F,5.8 mm 100Rnd Mag
B_580x42_Ball_F,5.8 mm 100Rnd Tracer (Green) Mag
B_580x42_Ball_F,5.8 mm 30Rnd Mag
B_580x42_Ball_F,5.8 mm 30Rnd Tracer (Green) Mag
B_65x39_Caseless,6.5 mm 100Rnd Mag
B_65x39_Caseless,6.5 mm 100Rnd Tracer (Red) Mag
B_65x39_Caseless_yellow,6.5 mm 200Rnd Belt
B_65x39_Caseless,6.5 mm 200Rnd Belt Case
B_65x39_Case_green,6.5 mm 200Rnd Belt Case Tracer (Green)
B_65x39_Caseless,6.5 mm 200Rnd Belt Case Tracer (Red)
B_65x39_Case_yellow,6.5 mm 200Rnd Belt Tracer (Yellow)
B_65x39_Caseless_yellow,6.5 mm 200Rnd Belt Tracer (Yellow)
B_65x39_Case_green,6.5 mm 20Rnd Mag
B_65x39_Caseless,6.5 mm 30Rnd STANAG Mag
B_65x39_Caseless_green,6.5 mm 30Rnd Tracer (Green) Caseless Mag
B_65x39_Caseless,6.5 mm 30Rnd Tracer (Red) Mag
B_65x39_Caseless_green,6.5mm 30Rnd Caseless Mag
Sub_F_Signal_Green,6Rnd Signal Cylinder (Green)
Sub_F_Signal_Red,6Rnd Signal Cylinder (Red)
B_762x51_Tracer_Green,7.62 mm 150Rnd Box
B_762x54_Tracer_Green,7.62 mm 150Rnd Box
B_762x51_Tracer_Green,7.62 mm 150Rnd Tracer (Green) Box
B_762x54_Tracer_Green,7.62 mm 150Rnd Tracer (Green) Box
B_762x51_Ball,7.62 mm 20Rnd Mag
B_762x39_Ball_Green_F,7.62 mm 30Rnd Reload Tracer (Green) Mag
B_762x39_Ball_F,7.62 mm 30Rnd Reload Tracer (Yellow) Mag
B_762x39_Ball_Green_F,7.62 mm 30Rnd Tracer (Green) Mag
B_762x39_Ball_F,7.62 mm 30Rnd Tracer (Yellow) Mag
B_762x51_Ball,7.62mm 10Rnd Mag
B_762x54_Ball,7.62mm 10Rnd Mag
B_9x21_Ball,9 mm 10Rnd Mag
B_9x21_Ball,9 mm 16Rnd Mag
B_9x21_Ball_Tracer_Green,9 mm 16Rnd Reload Tracer (Green) Mag
B_9x21_Ball_Tracer_Red,9 mm 16Rnd Reload Tracer (Red) Mag
B_9x21_Ball_Tracer_Yellow,9 mm 16Rnd Reload Tracer (Yellow) Mag
B_9x21_Ball,9 mm 30Rnd Mag
B_9x21_Ball,9 mm 30Rnd Mag
B_9x21_Ball_Tracer_Green,9 mm 30Rnd Reload Tracer (Green) Mag
B_9x21_Ball_Tracer_Green,9 mm 30Rnd Reload Tracer (Green) Mag
B_9x21_Ball_Tracer_Red,9 mm 30Rnd Reload Tracer (Red) Mag
B_9x21_Ball_Tracer_Red,9 mm 30Rnd Reload Tracer (Red) Mag
B_9x21_Ball_Tracer_Yellow,9 mm 30Rnd Reload Tracer (Yellow) Mag
B_9x21_Ball_Tracer_Yellow,9 mm 30Rnd Reload Tracer (Yellow) Mag
B_93x64_Ball,9.3mm 10Rnd Mag
B_93x64_Ball,9.3mm 150Rnd Belt
APERSBoundingMine_Range_Ammo,APERS Bounding Mine
APERSMine_Range_Ammo,APERS Mine
APERSTripMine_Wire_Ammo,APERS Tripwire Mine
ATMine_Range_Ammo,AT Mine
Chemlight_blue,Chemlight (Blue)
Chemlight_green,Chemlight (Green)
Chemlight_red,Chemlight (Red)
Chemlight_yellow,Chemlight (Yellow)
ClaymoreDirectionalMine_Remote_Ammo,Claymore Charge
Laserbeam,Designator Batteries
DemoCharge_Remote_Ammo,Explosive Charge
SatchelCharge_Remote_Ammo,Explosive Satchel
F_40mm_Green,Flare Round (Green)
F_40mm_CIR,Flare Round (IR)
F_40mm_Red,Flare Round (Red)
F_40mm_White,Flare Round (White)
F_40mm_Yellow,Flare Round (Yellow)
I_IRStrobe,IR Grenade [AAF]
O_IRStrobe,IR Grenade [CSAT]
B_IRStrobe,IR Grenade [NATO]
IEDLandBig_Remote_Ammo,Large IED (Dug-in)
IEDUrbanBig_Remote_Ammo,Large IED (Urban)
SLAMDirectionalMine_Wire_Ammo,M6 SLAM Mine
M_NLAW_AT_F,PCML Missile
R_PG7_F,PG-7VM HEAT Grenade
mini_Grenade,RGN Grenade
GrenadeHand,RGO Grenade
R_TBG32V_F,RPG-42 HE Rocket
R_PG32V_F,RPG-42 Rocket
IEDLandSmall_Remote_Ammo,Small IED (Dug-in)
IEDUrbanSmall_Remote_Ammo,Small IED (Urban)
SmokeShellBlue,Smoke Grenade (Blue)
SmokeShellGreen,Smoke Grenade (Green)
SmokeShellOrange,Smoke Grenade (Orange)
SmokeShellPurple,Smoke Grenade (Purple)
SmokeShellRed,Smoke Grenade (Red)
SmokeShell,Smoke Grenade (White)
SmokeShellYellow,Smoke Grenade (Yellow)
G_40mm_SmokeBlue,Smoke Round (Blue)
G_40mm_SmokeGreen,Smoke Round (Green)
G_40mm_SmokeOrange,Smoke Round (Orange)
G_40mm_SmokePurple,Smoke Round (Purple)
G_40mm_SmokeRed,Smoke Round (Red)
G_40mm_Smoke,Smoke Round (White)
G_40mm_SmokeYellow,Smoke Round (Yellow)
M_Titan_AA,Titan AA Missile
M_Titan_AP,Titan AP Missile
M_Titan_AT,Titan AT Missile
U_I_C_Soldier_Bandit_4_F,Bandit Clothes (Checkered)
U_I_C_Soldier_Bandit_1_F,Bandit Clothes (Polo Shirt)
U_I_C_Soldier_Bandit_2_F,Bandit Clothes (Skull)
U_I_C_Soldier_Bandit_5_F,Bandit Clothes (Tank Top)
U_I_C_Soldier_Bandit_3_F,Bandit Clothes (Tee)
U_C_Man_casual_2_F,Casual Clothes (Blue)
U_C_Man_casual_3_F,Casual Clothes (Green)
U_C_Man_casual_1_F,Casual Clothes (Navy)
U_C_PriestBody,Clerical Robes
U_KerryBody,Combat Fatigues (Kerry)
U_MillerBody,Combat Fatigues (Miller)
U_B_CombatUniform_mcam,Combat Fatigues (MTP)
U_B_CombatUniform_wdl,Combat Fatigues (MTP)
U_B_CombatUniform_sgg,Combat Fatigues (MTP)
U_B_CombatUniform_mcam_tshirt,Combat Fatigues (MTP) (Tee)
U_B_CombatUniform_wdl_tshirt,Combat Fatigues (MTP) (Tee)
U_B_CombatUniform_sgg_tshirt,Combat Fatigues (MTP) (Tee)
U_I_G_resistanceLeader_F,Combat Fatigues (Stavrou)
U_B_T_Soldier_AR_F,Combat Fatigues (Tropic, Tee)
U_B_T_Soldier_F,Combat Fatigues (Tropic)
U_I_CombatUniform,Combat Fatigues [AAF]
U_I_CombatUniform_tshirt,Combat Fatigues [AAF] (Officer)
U_I_OfficerUniform,Combat Fatigues [AAF] (Officer)
U_I_CombatUniform_shortsleeve,Combat Fatigues [AAF] (Rolled-up)
U_C_Poloshirt_blue,Commoner Clothes (Blue)
U_C_Poloshirt_burgundy,Commoner Clothes (Burgundy)
U_C_Poloshirt_redwhite,Commoner Clothes (Red-White)
U_C_Poloshirt_salmon,Commoner Clothes (Salmon)
U_C_Poloshirt_stripped,Commoner Clothes (Striped)
U_C_Poloshirt_tricolour,Commoner Clothes (Tricolor)
U_C_Commoner1_1,Commoner Clothes 2
U_C_Commoner1_2,Commoner Clothes 2
U_C_Commoner1_3,Commoner Clothes 3
U_C_Commoner2_1,Commoner Clothes 4
U_C_Commoner2_2,Commoner Clothes 5
U_C_Commoner2_3,Commoner Clothes 6
U_C_Commoner_shorts,Commoner Shorts
U_Competitor,Competitor Suit
U_B_CTRG_1,CTRG Combat Uniform
U_B_CTRG_3,CTRG Combat Uniform (Rolled-up)
U_B_CTRG_2,CTRG Combat Uniform (Tee)
U_B_CTRG_Soldier_F,CTRG Stealth Uniform
U_B_CTRG_Soldier_3_F,CTRG Stealth Uniform (Rolled-up)
U_B_CTRG_Soldier_2_F,CTRG Stealth Uniform (Tee)
U_B_CTRG_Soldier_urb_1_F,CTRG Urban Uniform
U_B_CTRG_Soldier_urb_3_F,CTRG Urban Uniform (Rolled-up)
U_B_CTRG_Soldier_urb_2_F,CTRG Urban Uniform (Tee)
U_C_Driver_1_black,Driver Coverall (Black)
U_C_Driver_1_blue,Driver Coverall (Blue)
U_C_Driver_2,Driver Coverall (Bluking)
U_C_Driver_1,Driver Coverall (Fuel)
U_C_Driver_1_green,Driver Coverall (Green)
U_C_Driver_1_orange,Driver Coverall (Orange)
U_C_Driver_1_red,Driver Coverall (Red)
U_C_Driver_3,Driver Coverall (Redstone)
U_C_Driver_4,Driver Coverall (Vrana)
U_C_Driver_1_white,Driver Coverall (White)
U_C_Driver_1_yellow,Driver Coverall (Yellow)
U_C_Farmer,Farmer Clothes
U_O_T_Soldier_F,Fatigues (Green Hex) [CSAT]
U_O_CombatUniform_ocamo,Fatigues (Hex) [CSAT]
U_O_CombatUniform_oucamo,Fatigues (Urban) [CSAT]
U_C_Fisherman,Fishing Clothes
U_C_FishermanOveralls,Fishing Overalls
U_I_FullGhillie_ard,Full Ghillie (Arid) [AAF]
U_O_FullGhillie_ard,Full Ghillie (Arid) [CSAT]
U_B_FullGhillie_ard,Full Ghillie (Arid) [NATO]
U_O_T_FullGhillie_tna_F,Full Ghillie (Jungle) [CSAT]
U_B_T_FullGhillie_tna_F,Full Ghillie (Jungle) [NATO]
U_I_FullGhillie_lsh,Full Ghillie (Lush) [AAF]
U_O_FullGhillie_lsh,Full Ghillie (Lush) [CSAT]
U_B_FullGhillie_lsh,Full Ghillie (Lush) [NATO]
U_I_FullGhillie_sard,Full Ghillie (Semi-Arid) [AAF]
U_O_FullGhillie_sard,Full Ghillie (Semi-Arid) [CSAT]
U_B_FullGhillie_sard,Full Ghillie (Semi-Arid) [NATO]
U_B_GEN_Commander_F,Gendarmerie Commander Uniform
U_B_GEN_Soldier_F,Gendarmerie Uniform
U_O_T_Sniper_F,Ghillie Suit (Green Hex) [CSAT]
U_B_T_Sniper_F,Ghillie Suit (Tropic) [NATO]
U_I_GhillieSuit,Ghillie Suit [AAF]
U_O_GhillieSuit,Ghillie Suit [CSAT]
U_B_GhillieSuit,Ghillie Suit [NATO]
U_IG_Guerrilla_6_1,Guerilla Apparel
U_BG_Guerrilla_6_1,Guerilla Apparel
U_OG_Guerrilla_6_1,Guerilla Apparel
U_IG_Guerilla1_1,Guerilla Garment
U_BG_Guerilla1_1,Guerilla Garment
U_OG_Guerilla1_1,Guerilla Garment
U_IG_Guerilla2_2,Guerilla Outfit (Pattern)
U_BG_Guerilla2_2,Guerilla Outfit (Pattern)
U_OG_Guerilla2_2,Guerilla Outfit (Pattern)
U_IG_Guerilla2_1,Guerilla Outfit (Plain, Dark)
U_BG_Guerilla2_1,Guerilla Outfit (Plain, Dark)
U_OG_Guerilla2_1,Guerilla Outfit (Plain, Dark)
U_IG_Guerilla2_3,Guerilla Outfit (Plain, Light)
U_BG_Guerilla2_3,Guerilla Outfit (Plain, Light)
U_OG_Guerilla2_3,Guerilla Outfit (Plain, Light)
U_IG_Guerilla3_1,Guerilla Smocks
U_BG_Guerilla3_1,Guerilla Smocks
U_OG_Guerilla3_1,Guerilla Smocks
U_IG_Guerilla3_2,Guerilla Smocks 1
U_BG_Guerilla3_2,Guerilla Smocks 1
U_OG_Guerilla3_2,Guerilla Smocks 1
U_IG_leader,Guerilla Uniform
U_BG_leader,Guerilla Uniform
U_OG_leader,Guerilla Uniform
U_I_HeliPilotCoveralls,Heli Pilot Coveralls [AAF]
U_B_HeliPilotCoveralls,Heli Pilot Coveralls [NATO]
U_C_HunterBody_grn,Hunting Clothes
U_C_HunterBody_brn,Hunting Clothes (Brown)
U_VirtualMan_F,Invisible Uniform
U_OrestesBody,Jacket and Shorts
U_C_Journalist,Journalist Clothes
U_IG_Menelaos,Kabeiroi Leader's Outfit
U_Marshal,Marshal Clothes
U_NikosBody,Nikos Clothes
U_C_Novak,Novak's Leisure Suit
U_O_T_Officer_F,Officer Fatigues (Green Hex) [CSAT]
U_O_OfficerUniform_ocamo,Officer Fatigues (Hex)
U_I_C_Soldier_Para_2_F,Paramilitary Garb (Jacket)
U_I_C_Soldier_Para_3_F,Paramilitary Garb (Shirt)
U_I_C_Soldier_Para_5_F,Paramilitary Garb (Shorts)
U_I_C_Soldier_Para_4_F,Paramilitary Garb (Tank Top)
U_I_C_Soldier_Para_1_F,Paramilitary Garb (Tee)
U_I_pilotCoveralls,Pilot Coveralls [AAF]
U_O_PilotCoveralls,Pilot Coveralls [CSAT]
U_B_PilotCoveralls,Pilot Coveralls [NATO]
U_Rangemaster,Rangemaster Suit
U_O_SpecopsUniform_blk,Recon Fatigues (Black)
U_O_SpecopsUniform_ocamo,Recon Fatigues (Hex)
U_B_CombatUniform_mcam_vest,Recon Fatigues (MTP)
U_B_CombatUniform_wdl_vest,Recon Fatigues (MTP)
U_B_CombatUniform_sgg_vest,Recon Fatigues (MTP)
U_B_T_Soldier_SL_F,Recon Fatigues (Tropic)
U_C_Scavenger_2,Scavenger Clothes (Dark)
U_C_Scavenger_1,Scavenger Clothes (Light)
U_C_Scientist,Scientist Clothes
U_OI_Scientist,Scientist Suit
U_O_V_Soldier_Viper_F,Special Purpose Suit (Green Hex)
U_O_V_Soldier_Viper_hex_F,Special Purpose Suit (Hex)
U_B_SpecopsUniform_sgg,Specop Fatigues (Sage)
U_C_man_sport_1_F,Sport Clothes (Beach)
U_C_man_sport_3_F,Sport Clothes (Blue)
U_C_man_sport_2_F,Sport Clothes (Orange)
U_C_Man_casual_6_F,Summer Clothes (Red)
U_C_Man_casual_4_F,Summer Clothes (Sky)
U_C_Man_casual_5_F,Summer Clothes (Yellow)
U_C_ShirtSurfer_shorts,Surfer Outfit 1
U_C_TeeSurfer_shorts_1,Surfer Outfit 2
U_C_TeeSurfer_shorts_2,Surfer Outfit 3
U_B_survival_uniform,Survival Fatigues
U_I_C_Soldier_Camo_F,Syndikat Uniform
U_BasicBody,Underwear
U_NikosAgedBody,Underwear 1
U_AttisBody,Underwear 4
U_AntigonaBody,Underwear 5
U_B_Soldier_VR,VR Entity Suit
U_O_Soldier_VR,VR Entity Suit
U_I_Soldier_VR,VR Entity Suit
U_C_Soldier_VR,VR Entity Suit
U_I_Protagonist_VR,VR Suit [AAF]
U_O_Protagonist_VR,VR Suit [CSAT]
U_B_Protagonist_VR,VR Suit [NATO]
U_I_Wetsuit,Wetsuit [AAF]
U_O_Wetsuit,Wetsuit [CSAT]
U_B_Wetsuit,Wetsuit [NATO]
U_C_WorkerOveralls,Worker Clothes
U_C_WorkerCoveralls,Worker Coveralls
U_C_Poor_1,Worn Clothes
U_C_Poor_2,Worn Clothes
U_I_G_Story_Protagonist_F,Worn Combat Fatigues (Kerry)
U_B_CombatUniform_mcam_worn,Worn Combat Fatigues (MTP)
U_C_Poor_shorts_1,Worn Shorts 1
U_C_Poor_shorts_2,Worn Shorts 2
B_AssaultPack_blk,Assault Pack (Black)
B_AssaultPack_cbr,Assault Pack (Coyote)
B_AssaultPack_dgtl,Assault Pack (Digi)
B_AssaultPack_rgr,Assault Pack (Green)
B_AssaultPack_ocamo,Assault Pack (Hex)
B_AssaultPack_khk,Assault Pack (Khaki)
B_AssaultPack_mcamo,Assault Pack (MTP)
B_AssaultPack_sgg,Assault Pack (Sage)
B_AssaultPack_tna_F,Assault Pack (Tropic)
B_Bergen_dgtl_F,Bergen Backpack (Digital)
B_Bergen_hex_F,Bergen Backpack (Hex)
B_Bergen_mcamo_F,Bergen Backpack (MTP)
B_Bergen_tna_F,Bergen Backpack (Tropic)
B_Respawn_Sleeping_bag_blue_F,Camp (Blue Sleeping Bag)
B_Respawn_Sleeping_bag_brown_F,Camp (Brown Sleeping Bag)
B_Respawn_TentDome_F,Camp (Dome Tent)
B_Respawn_Sleeping_bag_F,Camp (Green Sleeping Bag)
B_Respawn_TentA_F,Camp (Ridge Tent)
B_Carryall_cbr,Carryall Backpack (Coyote)
B_Carryall_ghex_F,Carryall Backpack (Green Hex)
B_Carryall_ocamo,Carryall Backpack (Hex)
B_Carryall_khk,Carryall Backpack (Khaki)
B_Carryall_mcamo,Carryall Backpack (MTP)
B_Carryall_oli,Carryall Backpack (Olive)
B_Carryall_oucamo,Carryall Backpack (Urban)
I_GMG_01_A_weapon_F,Dismantled Autonomous GMG [AAF]
O_GMG_01_A_weapon_F,Dismantled Autonomous GMG [CSAT]
B_GMG_01_A_weapon_F,Dismantled Autonomous GMG [NATO]
I_HMG_01_A_weapon_F,Dismantled Autonomous MG [AAF]
O_HMG_01_A_weapon_F,Dismantled Autonomous MG [CSAT]
B_HMG_01_A_weapon_F,Dismantled Autonomous MG [NATO]
I_HMG_01_high_weapon_F,Dismantled Mk30 HMG (Raised) [AAF]
O_HMG_01_high_weapon_F,Dismantled Mk30 HMG (Raised) [CSAT]
B_HMG_01_high_weapon_F,Dismantled Mk30 HMG (Raised) [NATO]
I_HMG_01_weapon_F,Dismantled Mk30 HMG [AAF]
O_HMG_01_weapon_F,Dismantled Mk30 HMG [CSAT]
B_HMG_01_weapon_F,Dismantled Mk30 HMG [NATO]
I_GMG_01_high_weapon_F,Dismantled Mk32 GMG (Raised) [AAF]
O_GMG_01_high_weapon_F,Dismantled Mk32 GMG (Raised) [CSAT]
B_GMG_01_high_weapon_F,Dismantled Mk32 GMG (Raised) [NATO]
I_GMG_01_weapon_F,Dismantled Mk32 GMG [AAF]
O_GMG_01_weapon_F,Dismantled Mk32 GMG [CSAT]
B_GMG_01_weapon_F,Dismantled Mk32 GMG [NATO]
B_FieldPack_blk,Field Pack (Black)
B_FieldPack_cbr,Field Pack (Coyote)
B_FieldPack_ghex_F,Field Pack (Green Hex)
B_FieldPack_ocamo,Field Pack (Hex)
B_FieldPack_khk,Field Pack (Khaki)
B_FieldPack_oli,Field Pack (Olive)
B_FieldPack_oucamo,Field Pack (Urban)
I_Mortar_01_support_F,Folded Mk6 Mortar Bipod [AAF]
O_Mortar_01_support_F,Folded Mk6 Mortar Bipod [CSAT]
B_Mortar_01_support_F,Folded Mk6 Mortar Bipod [NATO]
I_Mortar_01_weapon_F,Folded Mk6 Mortar Tube [AAF]
O_Mortar_01_weapon_F,Folded Mk6 Mortar Tube [CSAT]
B_Mortar_01_weapon_F,Folded Mk6 Mortar Tube [NATO]
I_HMG_01_support_high_F,Folded Tripod (Raised) [AAF]
O_HMG_01_support_high_F,Folded Tripod (Raised) [CSAT]
B_HMG_01_support_high_F,Folded Tripod (Raised) [NATO]
I_HMG_01_support_F,Folded Tripod [AAF]
O_HMG_01_support_F,Folded Tripod [CSAT]
B_HMG_01_support_F,Folded Tripod [NATO]
B_Kitbag_cbr,Kitbag (Coyote)
B_Kitbag_rgr,Kitbag (Green)
B_Kitbag_mcamo,Kitbag (MTP)
B_Kitbag_sgg,Kitbag (Sage)
O_Static_Designator_02_weapon_F,Remote Designator Bag [CSAT]
B_Static_Designator_01_weapon_F,Remote Designator Bag [NATO]
I_AA_01_weapon_F,Static Titan Launcher (AA) [AAF]
O_AA_01_weapon_F,Static Titan Launcher (AA) [CSAT]
B_AA_01_weapon_F,Static Titan Launcher (AA) [NATO]
I_AT_01_weapon_F,Static Titan Launcher (AT) [AAF]
O_AT_01_weapon_F,Static Titan Launcher (AT) [CSAT]
B_AT_01_weapon_F,Static Titan Launcher (AT) [NATO]
B_Parachute,Steerable Parachute
B_TacticalPack_blk,Tactical Backpack (Black)
B_TacticalPack_rgr,Tactical Backpack (Green)
B_TacticalPack_ocamo,Tactical Backpack (Hex)
B_TacticalPack_mcamo,Tactical Backpack (MTP)
B_TacticalPack_oli,Tactical Backpack (Olive)
I_UAV_01_backpack_F,UAV Bag [AAF]
O_UAV_01_backpack_F,UAV Bag [CSAT]
B_UAV_01_backpack_F,UAV Bag [NATO]
B_AssaultPack_Kerry,US Assault Pack (Kerry)
B_ViperHarness_blk_F,Viper Harness (Black)
B_ViperHarness_ghex_F,Viper Harness (Green Hex)
B_ViperHarness_hex_F,Viper Harness (Hex)
B_ViperHarness_khk_F,Viper Harness (Khaki)
B_ViperHarness_oli_F,Viper Harness (Olive)
B_ViperLightHarness_blk_F,Viper Light Harness (Black)
B_ViperLightHarness_ghex_F,Viper Light Harness (Green Hex)
B_ViperLightHarness_hex_F,Viper Light Harness (Hex)
B_ViperLightHarness_khk_F,Viper Light Harness (Khaki)
B_ViperLightHarness_oli_F,Viper Light Harness (Olive)
V_PlateCarrierGL_blk,Carrier GL Rig (Black)
V_PlateCarrierGL_rgr,Carrier GL Rig (Green)
V_PlateCarrierGL_mtp,Carrier GL Rig (MTP)
V_PlateCarrierGL_tna_F,Carrier GL Rig (Tropic)
V_PlateCarrier1_blk,Carrier Lite (Black)
V_PlateCarrier1_rgr_noflag_F,Carrier Lite (Green, No Flag)
V_PlateCarrier1_rgr,Carrier Lite (Green)
V_PlateCarrier1_tna_F,Carrier Lite (Tropic)
V_PlateCarrier2_blk,Carrier Rig (Black)
V_PlateCarrier2_rgr_noflag_F,Carrier Rig (Green, No Flag)
V_PlateCarrier2_rgr,Carrier Rig (Green)
V_PlateCarrier2_tna_F,Carrier Rig (Tropic)
V_PlateCarrierSpec_blk,Carrier Special Rig (Black)
V_PlateCarrierSpec_rgr,Carrier Special Rig (Green)
V_PlateCarrierSpec_mtp,Carrier Special Rig (MTP)
V_PlateCarrierSpec_tna_F,Carrier Special Rig (Tropic)
V_Chestrig_blk,Chest Rig (Black)
V_Chestrig_rgr,Chest Rig (Green)
V_Chestrig_khk,Chest Rig (Khaki)
V_Chestrig_oli,Chest Rig (Olive)
V_PlateCarrierL_CTRG,CTRG Plate Carrier Rig Mk.1 (Light)
V_PlateCarrierH_CTRG,CTRG Plate Carrier Rig Mk.2 (Heavy)
V_PlateCarrierIAGL_dgtl,GA Carrier GL Rig (Digi)
V_PlateCarrierIAGL_oli,GA Carrier GL Rig (Olive)
V_PlateCarrierIA1_dgtl,GA Carrier Lite (Digi)
V_PlateCarrierIA2_dgtl,GA Carrier Rig (Digi)
V_TacVest_gen_F,Gendarmerie Vest
V_HarnessOGL_brn,LBV Grenadier Harness
V_HarnessOGL_ghex_F,LBV Grenadier Harness (Green Hex)
V_HarnessOGL_gry,LBV Grenadier Harness (Grey)
V_HarnessO_brn,LBV Harness
V_HarnessO_ghex_F,LBV Harness (Green Hex)
V_HarnessO_gry,LBV Harness (Grey)
V_Rangemaster_belt,Rangemaster Belt
V_TacVestIR_blk,Raven Vest
V_RebreatherIA,Rebreather [AAF]
V_RebreatherIR,Rebreather [CSAT]
V_RebreatherB,Rebreather [NATO]
V_BandollierB_blk,Slash Bandolier (Black)
V_BandollierB_cbr,Slash Bandolier (Coyote)
V_BandollierB_ghex_F,Slash Bandolier (Green Hex)
V_BandollierB_rgr,Slash Bandolier (Green)
V_BandollierB_khk,Slash Bandolier (Khaki)
V_BandollierB_oli,Slash Bandolier (Olive)
V_TacChestrig_cbr_F,Tactical Chest Rig (Coyote)
V_TacChestrig_grn_F,Tactical Chest Rig (Green)
V_TacChestrig_oli_F,Tactical Chest Rig (Olive)
V_TacVest_blk,Tactical Vest (Black)
V_TacVest_brn,Tactical Vest (Brown)
V_TacVest_camo,Tactical Vest (Camo)
V_TacVest_khk,Tactical Vest (Khaki)
V_TacVest_oli,Tactical Vest (Olive)
V_TacVest_blk_POLICE,Tactical Vest (Police)
V_I_G_resistanceLeader_F,Tactical Vest (Stavrou)
V_PlateCarrier_Kerry,US Plate Carrier Rig (Kerry)
V_Press_F,Vest (Press)
H_HelmetSpecO_blk,Assassin Helmet (Black)
H_HelmetSpecO_ghex_F,Assassin Helmet (Green Hex)
H_HelmetSpecO_ocamo,Assassin Helmet (Hex)
H_Bandanna_gry,Bandana (Black)
H_Bandanna_blu,Bandana (Blue)
H_Bandanna_cbr,Bandana (Coyote)
H_Bandanna_khk_hs,Bandana (Headset)
H_Bandanna_khk,Bandana (Khaki)
H_Bandanna_mcamo,Bandana (MTP)
H_Bandanna_sgg,Bandana (Sage)
H_Bandanna_sand,Bandana (Sand)
H_Bandanna_surfer_blk,Bandana (Surfer, Black)
H_Bandanna_surfer_grn,Bandana (Surfer, Green)
H_Bandanna_surfer,Bandana (Surfer)
H_Bandanna_camo,Bandana (Woodland)
H_Watchcap_blk,Beanie
H_Watchcap_cbr,Beanie (Coyote)
H_Watchcap_camo,Beanie (Green)
H_Watchcap_khk,Beanie (Khaki)
H_Beret_blk,Beret (Black)
H_Beret_gen_F,Beret (Gendarmerie)
H_Beret_02,Beret [NATO]
H_Beret_Colonel,Beret [NATO] (Colonel)
H_Booniehat_khk_hs,Booniehat (Headset)
H_Booniehat_khk,Booniehat (Khaki)
H_Booniehat_mcamo,Booniehat (MTP)
H_Booniehat_oli,Booniehat (Olive)
H_Booniehat_tan,Booniehat (Sand)
H_Booniehat_tna_F,Booniehat (Tropic)
H_Booniehat_dgtl,Booniehat [AAF]
H_Cap_grn_BI,Cap (BI)
H_Cap_blk,Cap (Black)
H_Cap_blu,Cap (Blue)
H_Cap_blk_CMMG,Cap (CMMG)
H_Cap_grn,Cap (Green)
H_Cap_blk_ION,Cap (ION)
H_Cap_oli_hs,Cap (Olive, Headset)
H_Cap_oli,Cap (Olive)
H_Cap_police,Cap (Police)
H_Cap_press,Cap (Press)
H_Cap_red,Cap (Red)
H_Cap_surfer,Cap (Surfer)
H_Cap_tan,Cap (Tan)
H_Cap_khaki_specops_UK,Cap (UK)
H_Cap_usblack,Cap (US Black)
H_Cap_tan_specops_US,Cap (US MTP)
H_Cap_blk_Raven,Cap [AAF]
H_Cap_brn_SPECOPS,Cap [OPFOR]
H_HelmetB_black,Combat Helmet (Black)
H_HelmetB_camo,Combat Helmet (Camo)
H_HelmetB_desert,Combat Helmet (Desert)
H_HelmetB_grass,Combat Helmet (Grass)
H_HelmetB_sand,Combat Helmet (Sand)
H_HelmetB_snakeskin,Combat Helmet (Snakeskin)
H_HelmetB_tna_F,Combat Helmet (Tropic)
H_HelmetCrew_O_ghex_F,Crew Helmet (Green Hex) [CSAT]
H_HelmetCrew_I,Crew Helmet [AAF]
H_HelmetCrew_O,Crew Helmet [CSAT]
H_HelmetCrew_B,Crew Helmet [NATO]
H_HelmetLeaderO_ghex_F,Defender Helmet (Green Hex)
H_HelmetLeaderO_ocamo,Defender Helmet (Hex)
H_HelmetLeaderO_oucamo,Defender Helmet (Urban)
H_HelmetSpecB,Enhanced Combat Helmet
H_HelmetSpecB_blk,Enhanced Combat Helmet (Black)
H_HelmetSpecB_paint2,Enhanced Combat Helmet (Desert)
H_HelmetSpecB_paint1,Enhanced Combat Helmet (Grass)
H_HelmetSpecB_sand,Enhanced Combat Helmet (Sand)
H_HelmetSpecB_snakeskin,Enhanced Combat Helmet (Snakeskin)
H_HelmetB_Enh_tna_F,Enhanced Combat Helmet (Tropic)
H_Hat_blue,Hat (Blue)
H_Hat_brown,Hat (Brown)
H_Hat_camo,Hat (Camo)
H_Hat_checker,Hat (Checker)
H_Hat_grey,Hat (Grey)
H_Hat_tan,Hat (Tan)
H_CrewHelmetHeli_I,Heli Crew Helmet [AAF]
H_CrewHelmetHeli_O,Heli Crew Helmet [CSAT]
H_CrewHelmetHeli_B,Heli Crew Helmet [NATO]
H_PilotHelmetHeli_I,Heli Pilot Helmet [AAF]
H_PilotHelmetHeli_O,Heli Pilot Helmet [CSAT]
H_PilotHelmetHeli_B,Heli Pilot Helmet [NATO]
H_HelmetB_light,Light Combat Helmet
H_HelmetB_light_black,Light Combat Helmet (Black)
H_HelmetB_light_desert,Light Combat Helmet (Desert)
H_HelmetB_light_grass,Light Combat Helmet (Grass)
H_HelmetB_light_sand,Light Combat Helmet (Sand)
H_HelmetB_light_snakeskin,Light Combat Helmet (Snakeskin)
H_HelmetB_Light_tna_F,Light Combat Helmet (Tropic)
H_Cap_marshal,Marshal Cap
H_MilCap_blue,Military Cap (Blue)
H_MilCap_gen_F,Military Cap (Gendarmerie)
H_MilCap_ghex_F,Military Cap (Green Hex)
H_MilCap_gry,Military Cap (Grey)
H_MilCap_ocamo,Military Cap (Hex)
H_MilCap_mcamo,Military Cap (MTP)
H_MilCap_tna_F,Military Cap (Tropic)
H_MilCap_dgtl,Military Cap [AAF]
H_HelmetIA,Modular Helmet
H_PilotHelmetFighter_I,Pilot Helmet [AAF]
H_PilotHelmetFighter_O,Pilot Helmet [CSAT]
H_PilotHelmetFighter_B,Pilot Helmet [NATO]
H_HelmetO_ghex_F,Protector Helmet (Green Hex)
H_HelmetO_ocamo,Protector Helmet (Hex)
H_HelmetO_oucamo,Protector Helmet (Urban)
H_RacingHelmet_1_black_F,Racing Helmet (Black)
H_RacingHelmet_1_blue_F,Racing Helmet (Blue)
H_RacingHelmet_2_F,Racing Helmet (Bluking)
H_RacingHelmet_1_F,Racing Helmet (Fuel)
H_RacingHelmet_1_green_F,Racing Helmet (Green)
H_RacingHelmet_1_orange_F,Racing Helmet (Orange)
H_RacingHelmet_1_red_F,Racing Helmet (Red)
H_RacingHelmet_3_F,Racing Helmet (Redstone)
H_RacingHelmet_4_F,Racing Helmet (Vrana)
H_RacingHelmet_1_white_F,Racing Helmet (White)
H_RacingHelmet_1_yellow_F,Racing Helmet (Yellow)
H_Cap_headphones,Rangemaster Cap
H_Shemag_olive_hs,Shemag (Olive, Headset)
H_Shemag_olive,Shemag (Olive)
H_ShemagOpen_tan,Shemag (Tan)
H_ShemagOpen_khk,Shemag (White)
H_Helmet_Skate,Skate Helmet
H_HelmetO_ViperSP_ghex_F,Special Purpose Helmet (Green Hex)
H_HelmetO_ViperSP_hex_F,Special Purpose Helmet (Hex)
H_HelmetB_TI_tna_F,Stealth Combat Helmet
H_StrawHat,Straw Hat
H_StrawHat_dark,Straw Hat (Dark)
G_Aviator,Aviator Glasses
G_Balaclava_blk,Balaclava (Black)
G_Balaclava_combat,Balaclava (Combat Goggles)
G_Balaclava_lowprofile,Balaclava (Low Profile Goggles)
G_Balaclava_oli,Balaclava (Olive)
G_Bandanna_aviator,Bandana (Aviator)
G_Bandanna_beast,Bandana (Beast)
G_Bandanna_blk,Bandana (Black)
G_Bandanna_khk,Bandana (Khaki)
G_Bandanna_oli,Bandana (Olive)
G_Bandanna_shades,Bandana (Shades)
G_Bandanna_sport,Bandana (Sport)
G_Bandanna_tan,Bandana (Tan)
G_Combat,Combat Goggles
G_Combat_Goggles_tna_F,Combat Goggles (Green)
G_Diving,Diving Goggles
G_I_Diving,Diving Goggles [AAF]
G_O_Diving,Diving Goggles [CSAT]
G_B_Diving,Diving Goggles [NATO]
G_Lady_Blue,Ladies Shades
G_Lady_Red,Ladies Shades (Fire)
G_Lady_Mirror,Ladies Shades (Iridium)
G_Lady_Dark,Ladies Shades (Sea)
G_Lowprofile,Low Profile Goggles
G_Shades_Black,Shades (Black)
G_Shades_Blue,Shades (Blue)
G_Shades_Green,Shades (Green)
G_Shades_Red,Shades (Red)
G_Spectacles,Spectacle Glasses
G_Sport_Red,Sport Shades (Fire)
G_Sport_Blackyellow,Sport Shades (Poison)
G_Sport_BlackWhite,Sport Shades (Shadow)
G_Sport_Checkered,Sport Shades (Style)
G_Sport_Blackred,Sport Shades (Vulcan)
G_Sport_Greenblack,Sport Shades (Yetti)
G_Squares_Tinted,Square Shades
G_Squares,Square Spectacles
G_Balaclava_TI_G_blk_F,Stealth Balaclava (Black, Goggles)
G_Balaclava_TI_blk_F,Stealth Balaclava (Black)
G_Balaclava_TI_G_tna_F,Stealth Balaclava (Green, Goggles)
G_Balaclava_TI_tna_F,Stealth Balaclava (Green)
G_Tactical_Clear,Tactical Glasses
G_Tactical_Black,Tactical Shades
G_Spectacles_Tinted,Tinted Spectacles
G_Goggles_VR,VR Goggles
acc_flashlight,Flashlight
acc_pointer_IR,IR Laser Pointer
bipod_01_F_blk,Bipod (Black) [NATO]
bipod_01_F_khk,Bipod (Khaki) [NATO]
bipod_01_F_mtp,Bipod (MTP) [NATO]
bipod_01_F_snd,Bipod (Sand) [NATO]
bipod_02_F_blk,Bipod (Black) [CSAT]
bipod_02_F_hex,Bipod (Hex) [CSAT]
bipod_02_F_tan,Bipod (Tan) [CSAT]
bipod_03_F_blk,Bipod (Black) [AAF]
bipod_03_F_oli,Bipod (Olive) [AAF]
optic_Aco,ACO (Red)
optic_ACO_grn,ACO (Green)
optic_ACO_grn_smg,ACO SMG (Green)
optic_Aco_smg,ACO SMG (Red)
optic_AMS,AMS (Black)
optic_AMS_khk,AMS (Khaki)
optic_AMS_snd,AMS (Sand)
optic_Arco,ARCO
optic_Arco_blk_F,ARCO (Black)
optic_Arco_ghex_F,ARCO (Green Hex)
optic_DMS,DMS
optic_DMS_ghex_F,DMS (Green Hex)
optic_ERCO_blk_F,ERCO (Black)
optic_ERCO_khk_F,ERCO (Khaki)
optic_ERCO_snd_F,ERCO (Sand)
optic_Hamr,RCO
optic_Hamr_khk_F,RCO (Khaki)
optic_Holosight,Mk17 Holosight
optic_Holosight_blk_F,Mk17 Holosight (Black)
optic_Holosight_khk_F,Mk17 Holosight (Khaki)
optic_Holosight_smg,Mk17 Holosight SMG
optic_Holosight_smg_blk_F,Mk17 Holosight SMG (Black)
optic_KHS_blk,Kahlia (Black)
optic_KHS_hex,Kahlia (Hex)
optic_KHS_old,Kahlia (Old)
optic_KHS_tan,Kahlia (Tan)
optic_LRPS,LRPS
optic_LRPS_ghex_F,LRPS (Green Hex)
optic_LRPS_tna_F,LRPS (Tropic)
optic_MRCO,MRCO
optic_MRD,MRD
optic_Nightstalker,Nightstalker
optic_NVS,NVS
optic_SOS,MOS
optic_SOS_khk_F,MOS (Khaki)
optic_tws,TWS
optic_tws_mg,TWS MG
optic_Yorris,Yorris J2
muzzle_snds_338_black,Sound Suppressor (.338, Black)
muzzle_snds_338_green,Sound Suppressor (.338, Green)
muzzle_snds_338_sand,Sound Suppressor (.338, Sand)
muzzle_snds_58_blk_F,Sound Suppressor (5.8 mm, Black)
muzzle_snds_58_wdm_F,Sound Suppressor (5.8 mm, Green Hex)
muzzle_snds_65_TI_blk_F,Stealth Sound Suppressor (6.5 mm, Black)
muzzle_snds_65_TI_ghex_F,Stealth Sound Suppressor (6.5 mm, Green Hex)
muzzle_snds_65_TI_hex_F,Stealth Sound Suppressor (6.5 mm, Hex)
muzzle_snds_93mmg,Sound Suppressor (9.3mm, Black)
muzzle_snds_93mmg_tan,Sound Suppressor (9.3mm, Tan)
muzzle_snds_acp,Sound Suppressor (.45 ACP)
muzzle_snds_B,Sound Suppressor (7.62 mm)
muzzle_snds_B_khk_F,Sound Suppressor (7.62 mm, Khaki)
muzzle_snds_B_snd_F,Sound Suppressor (7.62 mm, Sand)
muzzle_snds_H,Sound Suppressor (6.5 mm)
muzzle_snds_H_khk_F,Sound Suppressor (6.5 mm, Khaki)
muzzle_snds_H_MG,Sound Suppressor LMG (6.5 mm)
muzzle_snds_H_MG_blk_F,Sound Suppressor LMG (6.5 mm, Black)
muzzle_snds_H_MG_khk_F,Sound Suppressor LMG (6.5 mm, Khaki)
muzzle_snds_H_snd_F,Sound Suppressor (6.5 mm, Sand)
muzzle_snds_L,Sound Suppressor (9 mm)
muzzle_snds_M,Sound Suppressor (5.56 mm)
muzzle_snds_m_khk_F,Sound Suppressor (5.56 mm, Khaki)
muzzle_snds_m_snd_F,Sound Suppressor (5.56 mm, Sand)
Binocular,Binoculars
ItemCompass,Compass
Laserbatteries,Designator Batteries
FirstAidKit,First Aid Kit
ItemGPS,GPS
Laserdesignator,Laser Designator (AAF)
Laserdesignator_02,Laser Designator (CSAT)
Laserdesignator_03,Laser Designator (NATO)
ItemMap,Map
Medikit,Medikit
MineDetector,Mine Detector
NVGoggles_INDEP,NV Goggles (AAF)
NVGoggles_OPFOR,NV Goggles (CSAT)
NVGoggles,NV Goggles (NATO)
ItemRadio,Radio
Rangefinder,Rangefinder
ToolKit,Toolkit
I_UavTerminal,UAV Terminal (AAF)
O_UavTerminal,UAV Terminal (CSAT)
B_UavTerminal,UAV Terminal (NATO)
ItemWatch,Watch